Model,Cost,Performance,Weight,Battery,Topsis Score,Rank
A,250,80,1.5,7,0.5474020367309972,2
B,300,85,1.7,8,0.3875203415922718,3
C,200,70,1.4,6,0.638669324136318,1
D,280,90,1.6,9,0.36258373940554933,4
